parameter,mean_post,se_mean,sd,ci_l,25%,50%,75%,ci_u,n_eff,Rhat,group,prior_mu_L,prior_sigma_L
L,0.01671096,8.37E-05,0.005895922,0.007566775,0.01228737,0.015899538,0.020359164,0.030061102,4966.78713,0.999859178,Rate(16=<V<50),0.01,0.01
PAR0,0.01541689,6.93E-05,0.005089037,0.007246887,0.011646778,0.014817088,0.018682508,0.0267336,5387.352464,0.999941333,Rate(16=<V<50),0.01,0.01
L,0.017366751,8.79E-05,0.006371,0.007433819,0.012712079,0.016516589,0.021182511,0.031974155,5258.379827,1.00013913,Rate(V>=50),0.01,0.01
PAR0,0.016629954,8.01E-05,0.005901169,0.007254827,0.012315067,0.015903042,0.020205163,0.030008913,5425.159632,0.999973435,Rate(V>=50),0.01,0.01
L,0.013812481,5.66E-05,0.003997549,0.007361359,0.010872243,0.013355789,0.016355735,0.022618701,4981.889802,1.000496816,Rate(16=<V<50),0.01,0.006
PAR0,0.012972264,4.95E-05,0.003610582,0.007017129,0.010342252,0.012609556,0.015219307,0.020870951,5325.728745,1.000616769,Rate(16=<V<50),0.01,0.006
L,0.014139032,5.65E-05,0.00421693,0.006932776,0.011071389,0.013821846,0.016803704,0.023241419,5563.905923,0.99976075,Rate(V>=50),0.01,0.006
PAR0,0.013671247,5.26E-05,0.003975425,0.006752802,0.01080985,0.013411718,0.016219457,0.022126162,5720.957509,0.999768951,Rate(V>=50),0.01,0.006
L,0.0114588,3.47E-05,0.002419369,0.007117928,0.009722884,0.011307534,0.013061072,0.016534271,4852.633244,1.00032182,Rate(16=<V<50),0.01,0.003
PAR0,0.010934207,3.22E-05,0.002307501,0.006732648,0.009298906,0.010825249,0.012473448,0.015701736,5133.044645,1.000099082,Rate(16=<V<50),0.01,0.003
L,0.0115021,3.30E-05,0.002458529,0.006937071,0.009772023,0.011442074,0.013143485,0.01644455,5545.803456,1.000051933,Rate(V>=50),0.01,0.003
PAR0,0.011220432,3.10E-05,0.002374547,0.006804056,0.009552303,0.011173564,0.012823316,0.015981651,5872.57407,0.99994448,Rate(V>=50),0.01,0.003
L,0.010724972,2.48E-05,0.00174468,0.007419657,0.009504023,0.01067724,0.011900137,0.014210174,4961.457159,0.99986093,Rate(16=<V<50),0.01,0.002
PAR0,0.010269245,2.38E-05,0.001733219,0.006951976,0.009095821,0.010266235,0.011436736,0.013690224,5316.169106,1.000137226,Rate(16=<V<50),0.01,0.002
L,0.010761674,2.32E-05,0.001797829,0.007350209,0.009524546,0.010741388,0.011987002,0.014304043,6026.752509,1.000318011,Rate(V>=50),0.01,0.002
PAR0,0.010513156,2.24E-05,0.001772689,0.007109554,0.009299099,0.010486089,0.011747095,0.01394464,6238.689814,1.000482658,Rate(V>=50),0.01,0.002
L,0.010181363,8.69E-06,0.000959624,0.008310338,0.0095376,0.0101765,0.010827113,0.012102915,12196.01198,1.000170004,Rate(16=<V<50),0.01,0.001
PAR0,0.009788108,1.02E-05,0.001052756,0.007587326,0.009143115,0.009833342,0.01048769,0.011742672,10731.25483,1.000207762,Rate(16=<V<50),0.01,0.001
L,0.010213316,8.45E-06,0.000975625,0.008329861,0.0095613,0.010206875,0.01086138,0.012149221,13323.902,1.000133775,Rate(V>=50),0.01,0.001
PAR0,0.010003111,8.89E-06,0.001006129,0.00800334,0.009342851,0.010010064,0.010668666,0.011972352,12814.30489,1.000080907,Rate(V>=50),0.01,0.001
L,0.010047111,4.44E-06,0.000490462,0.009086889,0.00971878,0.010045779,0.010378028,0.011000875,12210.14219,1.000195668,Rate(16=<V<50),0.01,5.00E-04
PAR0,0.009673198,8.48E-06,0.000714861,0.007870724,0.009345863,0.0097564,0.01012085,0.010802648,7110.394211,1.000923595,Rate(16=<V<50),0.01,5.00E-04
L,0.010049195,4.12E-06,0.000493866,0.00909949,0.009715661,0.010044207,0.010379714,0.011018656,14386.57062,1.000004647,Rate(V>=50),0.01,5.00E-04
PAR0,0.009849594,5.92E-06,0.000583495,0.008606544,0.009511105,0.009877138,0.010234406,0.010881381,9701.204184,0.999943464,Rate(V>=50),0.01,5.00E-04
L,0.088358071,0.000448203,0.03113307,0.041190333,0.065350998,0.084050729,0.106669403,0.160085734,4824.970504,1.000284962,Rate(Age<12),0.05,0.05
PAR0,0.08598423,0.000412623,0.029090702,0.040990821,0.064546882,0.082394749,0.103436619,0.152571773,4970.521111,1.00023216,Rate(Age<12),0.05,0.05
L,0.090945888,0.000443849,0.032451845,0.040121524,0.067135914,0.08664429,0.110391909,0.165632315,5345.741344,1.000533055,Rate(12<=Age<16),0.05,0.05
PAR0,0.088158128,0.000411446,0.030426414,0.039680129,0.065719151,0.084510136,0.106655224,0.157170138,5468.604135,1.000555715,Rate(12<=Age<16),0.05,0.05
L,0.104490877,0.0004469,0.030318915,0.055542574,0.082245154,0.101203591,0.123385074,0.172362952,4602.633115,1.001373301,Rate(16=<UV<50),0.05,0.05
PAR0,0.101797649,0.000410744,0.028378467,0.055203691,0.081018218,0.098940982,0.11965673,0.164225374,4773.479076,1.001417404,Rate(16=<UV<50),0.05,0.05
L,0.092171086,0.00043984,0.032412239,0.040368139,0.068367395,0.088463871,0.111904769,0.165344298,5430.353058,1.000204748,Rate(UV>=50),0.05,0.05
PAR0,0.090482958,0.000416673,0.031227343,0.040140261,0.067699879,0.087043387,0.109646042,0.160708296,5616.668097,1.00023154,Rate(UV>=50),0.05,0.05
L,0.071859467,0.000285384,0.020240987,0.038673758,0.057019397,0.0696857,0.084429628,0.116538417,5030.410515,1.000232481,Rate(Age<12),0.05,0.03
PAR0,0.070544959,0.000266856,0.019297993,0.038520821,0.056453139,0.068641879,0.08245094,0.112558592,5229.63849,1.000198412,Rate(Age<12),0.05,0.03
L,0.073249325,0.000280956,0.021095647,0.037166742,0.058208143,0.07133362,0.086575776,0.119311903,5637.810435,1.000175387,Rate(12<=Age<16),0.05,0.03
PAR0,0.071590924,0.000264294,0.020125634,0.036885665,0.057207382,0.069916335,0.084249116,0.115346318,5798.622911,1.000181463,Rate(12<=Age<16),0.05,0.03
L,0.083611695,0.000277908,0.01997552,0.049531693,0.069272956,0.081878776,0.09614861,0.126954914,5166.456393,1.000432087,Rate(16=<UV<50),0.05,0.03
PAR0,0.082217337,0.000262024,0.019126781,0.049345743,0.068526388,0.080646736,0.094393826,0.123589978,5328.4655,1.000311615,Rate(16=<UV<50),0.05,0.03
L,0.073314287,0.000280779,0.021008236,0.036807324,0.057919917,0.071844592,0.087191653,0.118275854,5598.213246,1.000792051,Rate(UV>=50),0.05,0.03
PAR0,0.072411325,0.00027304,0.020527762,0.036561589,0.057358673,0.070986088,0.085923879,0.115911448,5652.371877,1.000813243,Rate(UV>=50),0.05,0.03
L,0.058775156,0.000164516,0.01191974,0.036886027,0.050395134,0.058237537,0.066741074,0.083229918,5249.506894,1.001412333,Rate(Age<12),0.05,0.015
PAR0,0.058089571,0.000158273,0.01157851,0.036718903,0.04998061,0.057620831,0.065898981,0.081700283,5351.726618,1.001236796,Rate(Age<12),0.05,0.015
L,0.058632022,0.000163969,0.012483688,0.036044939,0.049771319,0.058114042,0.066725251,0.084347011,5796.433251,0.999881225,Rate(12<=Age<16),0.05,0.015
PAR0,0.057680076,0.000157998,0.012113989,0.035603681,0.049119234,0.057230166,0.065642397,0.0829504,5878.550392,0.999813916,Rate(12<=Age<16),0.05,0.015
L,0.065334243,0.000164614,0.011465923,0.044293921,0.057299333,0.064824463,0.072806627,0.089213576,4851.583826,1.001246428,Rate(16=<UV<50),0.05,0.015
PAR0,0.064669304,0.000155694,0.011153896,0.043922977,0.056879659,0.06421107,0.071958323,0.087663335,5132.294386,1.001206722,Rate(16=<UV<50),0.05,0.015
L,0.059133565,0.000161018,0.012515614,0.035975251,0.050245404,0.058723121,0.067365531,0.085111796,6041.620196,1.000188613,Rate(UV>=50),0.05,0.015
PAR0,0.058588979,0.000157974,0.012366097,0.035584714,0.049846218,0.058262205,0.066758288,0.083996575,6127.683251,1.000243587,Rate(UV>=50),0.05,0.015
L,0.054458542,0.000111668,0.00875959,0.037934838,0.048469682,0.054152185,0.060256165,0.072413464,6153.297571,1.000028916,Rate(Age<12),0.05,0.01
PAR0,0.053952624,0.000107579,0.008560885,0.037705952,0.048111503,0.053731375,0.059630396,0.0712332,6332.658849,0.999985321,Rate(Age<12),0.05,0.01
L,0.054245313,0.000121047,0.008927446,0.037604468,0.048006511,0.054048372,0.060222875,0.07216967,5439.306898,1.00094477,Rate(12<=Age<16),0.05,0.01
PAR0,0.053484805,0.00011649,0.008730867,0.037058258,0.047443788,0.053227387,0.059348137,0.071007612,5617.413879,1.000743937,Rate(12<=Age<16),0.05,0.01
L,0.058761956,0.000115783,0.008328858,0.042902433,0.053073769,0.058566186,0.064249264,0.075696646,5174.613997,1.00098421,Rate(16=<UV<50),0.05,0.01
PAR0,0.058300395,0.000112387,0.008195429,0.042689724,0.052715479,0.058135555,0.063732681,0.074668575,5317.574994,1.000905805,Rate(16=<UV<50),0.05,0.01
L,0.054748138,0.000104874,0.008942323,0.037727359,0.048638764,0.054529436,0.060694085,0.072806152,7270.562916,1.000154605,Rate(UV>=50),0.05,0.01
PAR0,0.054275245,0.000102107,0.008858778,0.037320627,0.048256683,0.054055897,0.060148506,0.071974209,7527.232888,1.000259245,Rate(UV>=50),0.05,0.01
L,0.051259453,4.37E-05,0.004855554,0.041857855,0.047945783,0.05125316,0.054562854,0.060793079,12364.75849,1.000147423,Rate(Age<12),0.05,0.005
PAR0,0.050834256,4.24E-05,0.004795303,0.041526016,0.047582643,0.050820522,0.054088239,0.060296761,12802.90313,1.000106814,Rate(Age<12),0.05,0.005
L,0.051195152,4.20E-05,0.004864933,0.041665577,0.047937488,0.05113786,0.05443962,0.060779196,13404.62443,0.999905162,Rate(12<=Age<16),0.05,0.005
PAR0,0.050537985,4.19E-05,0.004862195,0.041080101,0.047311178,0.050504153,0.053763831,0.060066554,13454.77495,0.999853213,Rate(12<=Age<16),0.05,0.005
L,0.052750928,4.28E-05,0.004670934,0.0436195,0.049594709,0.052681336,0.055898603,0.061978872,11929.84571,1.000134266,Rate(16=<UV<50),0.05,0.005
PAR0,0.05242323,4.20E-05,0.004622583,0.043369112,0.049314648,0.052381275,0.055531253,0.061590111,12141.7062,1.000105645,Rate(16=<UV<50),0.05,0.005
L,0.051262051,4.00E-05,0.004818353,0.041922718,0.047959542,0.051234376,0.054505114,0.060773416,14522.95986,1.000455901,Rate(UV>=50),0.05,0.005
PAR0,0.050862272,4.03E-05,0.004842445,0.041388165,0.047582131,0.050861788,0.054128111,0.06042562,14408.85341,1.000468346,Rate(UV>=50),0.05,0.005
L,0.050302214,2.03E-05,0.002454212,0.045550008,0.048643559,0.050290716,0.051984183,0.055101002,14644.38243,1.000193515,Rate(Age<12),0.05,0.0025
PAR0,0.049918175,2.04E-05,0.00247373,0.045041667,0.048265525,0.049929699,0.051608882,0.054735511,14753.00469,1.000273856,Rate(Age<12),0.05,0.0025
L,0.050288127,2.48E-05,0.002452874,0.045475302,0.048642444,0.050283761,0.051957224,0.055078921,9772.766511,1.000530054,Rate(12<=Age<16),0.05,0.0025
PAR0,0.049665448,2.75E-05,0.002596493,0.044436448,0.048007692,0.049720359,0.051414429,0.054594542,8914.42762,1.000546262,Rate(12<=Age<16),0.05,0.0025
L,0.050734244,2.20E-05,0.002461423,0.045886367,0.049095742,0.050724257,0.052403633,0.055589028,12566.75586,1.000006494,Rate(16=<UV<50),0.05,0.0025
PAR0,0.050445852,2.22E-05,0.0024711,0.045566844,0.048814342,0.050431195,0.052114342,0.055315611,12384.81132,1.000043839,Rate(16=<UV<50),0.05,0.0025
L,0.050312136,2.06E-05,0.002459793,0.045483041,0.048666898,0.050320896,0.051979591,0.055070887,14191.35408,0.999975237,Rate(UV>=50),0.05,0.0025
PAR0,0.049915561,2.35E-05,0.002582831,0.044818212,0.04824262,0.049963945,0.051649962,0.054760547,12129.65737,1.000106639,Rate(UV>=50),0.05,0.0025
